{
	"info": {
		"_postman_id": "user-demo-jdbc-collection",
		"name": "UserDemoJDBC CRUD Collection",
		"description": "Collection per testare le operazioni CRUD su UserDemoJDBC con pattern DAO",
		"schema": "https://schema.getpostman.com/json/collection/v2.1.0/collection.json"
	},
	"item": [
		{
			"name": "CREATE",
			"item": [
				{
					"name": "Create User",
					"request": {
						"method": "POST",
						"header": [
							{
								"key": "Content-Type",
								"value": "application/json"
							}
						],
						"body": {
							"mode": "raw",
							"raw": "{\n    \"username\": \"username1\",\n    \"email\": \"email@gmail.com\",\n    \"userPassword\": \"password\",\n    \"birthdate\": \"1987-07-18\"\n}"
						},
						"url": {
							"raw": "http://localhost:8080/api/v1/users",
							"protocol": "http",
							"host": ["localhost"],
							"port": "8080",
							"path": ["api", "v1", "users"]
						},
						"description": "Crea un nuovo utente nel database"
					}
				}
			]
		},
		{
			"name": "READ",
			"item": [
				{
					"name": "Get All Users",
					"request": {
						"method": "GET",
						"header": [],
						"url": {
							"raw": "http://localhost:8080/api/v1/users",
							"protocol": "http",
							"host": ["localhost"],
							"port": "8080",
							"path": ["api", "v1", "users"]
						},
						"description": "Recupera tutti gli utenti dal database"
					}
				},
				{
					"name": "Get User By ID",
					"request": {
						"method": "GET",
						"header": [],
						"url": {
							"raw": "http://localhost:8080/api/v1/users/1",
							"protocol": "http",
							"host": ["localhost"],
							"port": "8080",
							"path": ["api", "v1", "users", "1"]
						},
						"description": "Recupera un utente specifico tramite ID"
					}
				},
				{
					"name": "Get User By Email",
					"request": {
						"method": "GET",
						"header": [],
						"url": {
							"raw": "http://localhost:8080/api/v1/users/email/email@gmail.com",
							"protocol": "http",
							"host": ["localhost"],
							"port": "8080",
							"path": ["api", "v1", "users", "email", "email@gmail.com"]
						},
						"description": "Recupera un utente specifico tramite email"
					}
				},
				{
					"name": "Get User By Username",
					"request": {
						"method": "GET",
						"header": [],
						"url": {
							"raw": "http://localhost:8080/api/v1/users/username/username1",
							"protocol": "http",
							"host": ["localhost"],
							"port": "8080",
							"path": ["api", "v1", "users", "username", "username1"]
						},
						"description": "Recupera un utente specifico tramite username"
					}
				}
			]
		},
		{
			"name": "UPDATE",
			"item": [
				{
					"name": "Update User",
					"request": {
						"method": "PUT",
						"header": [
							{
								"key": "Content-Type",
								"value": "application/json"
							}
						],
						"body": {
							"mode": "raw",
							"raw": "{\n    \"username\": \"usernameUpdated\",\n    \"email\": \"updated@gmail.com\",\n    \"userPassword\": \"newpassword\",\n    \"birthdate\": \"1990-01-15\"\n}"
						},
						"url": {
							"raw": "http://localhost:8080/api/v1/users/1",
							"protocol": "http",
							"host": ["localhost"],
							"port": "8080",
							"path": ["api", "v1", "users", "1"]
						},
						"description": "Aggiorna un utente esistente tramite ID"
					}
				}
			]
		},
		{
			"name": "DELETE",
			"item": [
				{
					"name": "Delete All Users",
					"request": {
						"method": "DELETE",
						"header": [],
						"url": {
							"raw": "http://localhost:8080/api/v1/users",
							"protocol": "http",
							"host": ["localhost"],
							"port": "8080",
							"path": ["api", "v1", "users"]
						},
						"description": "Elimina tutti gli utenti dal database - ATTENZIONE: operazione distruttiva!"
					}
				},
				{
					"name": "Delete User By ID",
					"request": {
						"method": "DELETE",
						"header": [],
						"url": {
							"raw": "http://localhost:8080/api/v1/users/1",
							"protocol": "http",
							"host": ["localhost"],
							"port": "8080",
							"path": ["api", "v1", "users", "1"]
						},
						"description": "Elimina un utente specifico tramite ID"
					}
				},
				{
					"name": "Delete User By Email",
					"request": {
						"method": "DELETE",
						"header": [],
						"url": {
							"raw": "http://localhost:8080/api/v1/users/email/email@gmail.com",
							"protocol": "http",
							"host": ["localhost"],
							"port": "8080",
							"path": ["api", "v1", "users", "email", "email@gmail.com"]
						},
						"description": "Elimina un utente specifico tramite email"
					}
				},
				{
					"name": "Delete User By Username",
					"request": {
						"method": "DELETE",
						"header": [],
						"url": {
							"raw": "http://localhost:8080/api/v1/users/username/username1",
							"protocol": "http",
							"host": ["localhost"],
							"port": "8080",
							"path": ["api", "v1", "users", "username", "username1"]
						},
						"description": "Elimina un utente specifico tramite username"
					}
				}
			]
		}
	]
}
